Coord,State
A1,0
B1,0
C1,0
D1,0
E1,1
F1,0
G1,0
H1,0
I1,0
J1,0
A2,0
B2,0
C2,1
D2,0
E2,0
F2,0
G2,0
H2,0
I2,0
J2,0
A3,1
B3,0
C3,1
D3,0
E3,0
F3,0
G3,1
H3,1
I3,1
J3,0
A4,0
B4,0
C4,0
D4,0
E4,0
F4,0
G4,0
H4,0
I4,0
J4,0
A5,0
B5,0
C5,0
D5,0
E5,0
F5,0
G5,0
H5,0
I5,0
J5,0
A6,0
B6,0
C6,0
D6,0
E6,0
F6,0
G6,0
H6,0
I6,1
J6,0
A7,0
B7,0
C7,1
D7,0
E7,1
F7,1
G7,1
H7,0
I7,0
J7,0
A8,0
B8,0
C8,1
D8,0
E8,0
F8,0
G8,0
H8,0
I8,0
J8,0
A9,0
B9,0
C9,1
D9,0
E9,0
F9,0
G9,0
H9,0
I9,0
J9,0
A10,0
B10,0
C10,1
D10,0
E10,0
F10,0
G10,1
H10,0
I10,0
J10,0
